1.jpeg,1
2.jpeg,1
3.jpeg,1
4.jpeg,1
5.jpeg,1
6.jpeg,1
7.jpeg,1
8.jpeg,1
9.jpeg,1
10.jpeg,1
11.jpeg,1
12.jpeg,1
13.jpeg,1
14.jpeg,1
15.jpeg,1
16.jpeg,1
17.jpeg,1
18.jpeg,1
19.jpeg,1
20.jpeg,1
21.jpeg,1
22.jpeg,1
077347.jpg,0
077348.jpg,0
077349.jpg,0
077350.jpg,0
077351.jpg,0
077352.jpg,0
077353.jpg,0
077354.jpg,0
077355.jpg,0
077356.jpg,0
077357.jpg,0
077358.jpg,0
077359.jpg,0
077360.jpg,0
077361.jpg,0
077362.jpg,0
077363.jpg,0
077364.jpg,0
077365.jpg,0
077366.jpg,0
077367.jpg,0
077368.jpg,0
077369.jpg,0
077370.jpg,0